SchoolCode,SchoolName,City,StateCode,ZipCode,Student_Count_Black,Student_Count_Hispanic,Student_Count_White,Student_Count_Asian,Student_Count_Native_American,Student_Count_Low_Income,Student_Count_Total,men_total,women_total,Total
E00254,LMU - LOYOLA LAW SCHOOL,LOS ANGELES,CA,90015,58,554,10,3,4,540,631,1029,1843,2872
E00341,STANFORD UNIVERSITY - STANFORD LAW SCHOO,STANFORD,CA,94305,171,10,1,0,1,179,185,977,1687,2664
E00374,UNIV OF CALIFORNIA LOS ANG SCH MED,LOS ANGELES,CA,90095,57,174,24,0,4,233,264,1836,3380,5216
E00375,UNIV OF CALIFORNIA LOS ANG DENTAL,LOS ANGELES,CA,90095,179,3,2,5,0,64,196,2974,3984,6958
E00480,WHITTIER COLLEGE - COLLEGE OF LAW,COSTA MESA,CA,92626,71,85,21,14,1,135,194,1385,2064,3449
E00554,ANTIOCH UNIV/LOS ANGELES,CULVER CITY,CA,90230,205,6,25,0,2,90,248,271,498,769
E00556,ANTIOCH UNIV/SANTA BARBARA,SANTA BARBARA,CA,93101,310,4,0,0,0,280,315,5786,6207,11993
E00727,INSTITUTE FOR BUSINESS & TECHNOLOGY - NA,RANCHO CORDOVA,CA,95670,254,5,0,0,0,183,259,910,894,1804
E00914,PLATT COLLEGE,ONTARIO,CA,91764,398,24,1,0,0,414,427,910,894,1804
E00959,PLATT COLLEGE - ANAHEIM,ANAHEIM,CA,92806,83,26,72,46,0,48,240,26071,24177,50248
E00961,TRINITY INTERNATIONAL UNIV-CA,SANTA ANA,CA,92705,239,4,0,0,0,180,248,11525,15300,26825
E01182,KAPLAN COLLEGE - PALM SPRINGS,PALM SPRINGS,CA,92262,192,2,0,0,0,186,198,1823,2721,4544
E01191,KAPLAN COLLEGE - BAKERSFIELD,BAKERSFIELD,CA,93304,6,395,3,1,0,382,406,1391,2217,3608
E01197,KAPLAN COLLEGE - FRESNO,CLOVIS,CA,93612,122,216,420,162,4,304,974,979,1133,2112
E01285,KAPLAN COLLEGE - RIVERSIDE,RIVERSIDE,CA,92507,44,96,1,0,0,140,144,591,480,1071
E01713,CAREER CARE INSTITUTE - VENTURA,VENTURA,CA,93001,204,80,5,0,0,271,291,1617,3381,4998
E01826,UNITED EDUCATION INSTITUTE - ONTARIO,ONTARIO,CA,91764,0,611,8,0,1,562,622,0,65,65
E01827,UNITED EDUCATION INSTITUTE - ENCINO,ENCINO,CA,91316,349,0,0,0,0,343,350,17,30,47
E01841,KAPLAN COLLEGE - CHULA VISTA,CHULA VISTA,CA,91910,27,956,5,1,4,941,996,7099,4217,11316
E01882,EVEREST COLLEGE - SANTA ANA,SANTA ANA,CA,92701,240,15,0,2,0,218,257,4072,5671,9743
E01886,UNITED EDUCATION INSTITUTE - CHULA VISTA,CHULA VISTA,CA,91910,136,75,111,25,0,140,357,925,1440,2365
E01887,UNITED EDUCATION INSTITUTE - EL MONTE,EL MONTE,CA,91731,242,635,9,45,3,790,937,18733,13930,32663
E01888,UNITED EDUCATION INSTITUTE - ANAHEIM,ANAHEIM,CA,92801,107,10,0,0,0,110,117,1860,2106,3966
E01928,UNITED EDUCATION INSTITUTE - UEI COLLEGE,SAN MARCOS,CA,92069,90,307,322,207,3,415,1070,22217,27810,50027
E01947,CAREER CARE INSTITUTE - MORENO VALLEY,MORENO VALLEY,CA,92553,39,319,203,147,2,661,797,6704,8552,15256
E01977,UEI COLLEGE-RIVERSIDE,RIVERSIDE,CA,92507,29,304,3,0,0,329,336,22217,27810,50027
E02024,MEDIATECH INSTITUTE - OCEANSIDE,OCEANSIDE,CA,92054,559,19,1,0,0,493,587,4421,5396,9817
E02028,UNITED EDUCATION INSTITUTE - UEI COLLEGE,STOCKTON,CA,95207,3,542,6,3,0,512,555,1621,1617,3238
E02077,WESTMED COLLEGE - MERCED,MERCED,CA,95340,546,16,0,0,0,531,568,52,51,103
E02091,NCP COLLEGE OF NURSING - HAYWARD CAMPUS,HAYWARD,CA,94541,304,3,0,0,0,248,319,1765,2679,4444
E02113,PAUL MITCHELL THE SCHOOL-COSTA MESA,COSTA MESA,CA,92626,44,249,2,0,1,288,297,1055,1581,2636
E02116,PAUL MITCHELL THE SCHOOL - SAN DIEGO,SAN DIEGO,CA,92101,601,450,25,59,1,906,1146,13420,15258,28678
E02133,PLATT COLLEGE - RIVERSIDE,RIVERSIDE,CA,92507,102,5,0,0,0,106,107,280,205,485
E02208,ADVANCE BEAUTY COLLEGE - LAGUNA HILLS,LAGUNA HILLS,CA,92653,145,142,27,7,1,287,325,2251,20999,23250
E40398,HUSSIAN SCHOOL OF ART-RELATIVITY CAMPUS,LOS ANGELES,CA,90017,22,542,6,0,2,520,572,9367,12906,22273
E40424,UEI COLLEGE - BAKERSFIELD,BAKERSFIELD,CA,93308,454,26,7,7,0,277,515,10495,11803,22298
G01120,AMER BAPT SEM OF THE WEST-BERKELEY,BERKELEY,CA,94704,195,5,0,0,0,198,202,7898,5065,12963
G01165,CHURCH DIV SCH OF THE PACIFIC,BERKELEY,CA,94709,501,12,0,1,0,472,518,26071,24177,50248
G01169,CLAREMONT GRADUATE UNIVERSITY,CLAREMONT,CA,91711,343,771,3,3,0,991,1124,66,0,66
G01200,FULLER THEOLOGICAL SEMINARY,PASADENA,CA,91182,3,567,0,0,3,551,573,907,808,1715
G01207,GRADUATE THEOLOGICAL UNION,BERKELEY,CA,94709,532,6,0,0,0,441,542,2249,3191,5440
G01256,PACIFIC SCHOOL OF RELIGION,BERKELEY,CA,94709,109,418,57,14,4,509,609,1118,1589,2707
G01279,SAN FRANCISCO THEOLOGICAL SEMINARY,SAN ANSELMO,CA,94960,1,143,2,0,1,142,147,4019,4977,8996
G01288,CLAREMONT SCHOOL OF THEOLOGY,CLAREMONT,CA,91711,19,208,21,5,3,222,259,207,152,359
G01295,SOUTHWESTERN LAW SCHOOL,LOS ANGELES,CA,90010,183,0,0,0,0,181,185,43,89,132
G03947,UC-HASTINGS COLLEGE OF THE LAW,SAN FRANCISCO,CA,94102,208,6,0,0,0,206,214,88,284,372
G04080,STARR KING SCHOOL FOR THE MINISTRY,BERKELEY,CA,94709,202,5,0,0,1,203,208,30,75,105
G06976,UNIVERSITY OF SAN DIEGO - SCHOOL OF LAW,SAN DIEGO,CA,92110,306,11,2,0,0,319,323,54,0,54
G08846,WRIGHT INSTITUTE,BERKELEY,CA,94704,8,2,0,0,0,10,10,8,18,26
G10013,ALLIANT INTERNATIONAL UNIVERSITY - LOS A,ALHAMBRA,CA,91803,15,138,297,121,0,167,587,4950,8969,13919
G10333,JESUIT SCHOOL OF THEOLOGY - BERKELEY,BERKELEY,CA,94709,328,15,1,1,0,319,345,5958,7761,13719
G10441,PARDEE RAND GRADUATE SCHOOL,SANTA MONICA,CA,90407,327,38,137,7,1,234,519,2057,2524,4581
G11792,FRANCISCAN SCHOOL OF THEOLOGY,OCEANSIDE,CA,92057,287,4,0,0,0,198,291,145,229,374
G11881,ALLIANT INTERNATIONAL UNIVERSITY - SAN F,SAN FRANCISCO,CA,94133,317,3,0,0,0,281,321,222,13,235
G13103,CALIFORNIA WESTERN SCHOOL OF LAW,SAN DIEGO,CA,92101,9,608,4,1,0,594,622,39,26,65
G20961,FIELDING GRADUATE UNIVERSITY,SANTA BARBARA,CA,93105,4,568,2,0,0,555,576,26,86,112
G21206,SAYBROOK GRADUATE SCHOOL,SAN FRANCISCO,CA,94111,327,50,4,3,0,331,392,29,89,118
G22220,AMERICAN FILM INSTITUTE,LOS ANGELES,CA,90027,9,255,4,1,0,249,269,321,578,899
G22249,STANFORD UNIVERSITY - GRADUATE SCHOOL OF,STANFORD,CA,94305,271,171,105,10,1,323,603,705,941,1646
G22372,PHILLIPS GRADUATE INSTITUTE,CHATSWORTH,CA,91311,21,572,75,4,2,371,709,1421,1718,3139
G22676,INSTITUTE OF TRANSPERSONAL PSYCHLGY,PALO ALTO,CA,94303,315,16,0,0,2,333,333,1242,2206,3448
G22768,WESTMINSTER SEMINARY CALIFORNIA,ESCONDIDO,CA,92027,424,7,1,0,0,417,432,1,35,36
G24552,STANFORD UNIVERSITY - SCHOOL OF MEDICINE,STANFORD,CA,94305,49,19,2,0,0,70,70,77,351,428
G25111,ALLIANT INTERNATIONAL UNIVERSITY - FRESN,FRESNO,CA,93727,15,2,0,0,0,17,17,11986,11115,23101
G31268,PACIFICA GRADUATE INSTITUTE,CARPINTERIA,CA,93013,449,11,1,0,0,448,463,8,32,40
G32883,ACAD CHINESE CULTURE & HEALTH SCIS,OAKLAND,CA,94512,102,131,1,0,0,199,235,3,59,62
G35924,IRELL & MANELLA GRADUATE SCHOOL OF BIOLO,DUARTE,CA,91010,171,2,1,0,0,142,174,37,265,302
G38533,KECK GRADUATE INSTITUTE OF APPLIED LIFE,CLAREMONT,CA,91711,324,2,0,2,0,321,326,34,18,52
G41004,TAFT UNIVERSITY SYSTEM (THE),SANTA ANA,CA,92704,236,5,1,0,0,239,242,1079,1781,2860
G41555,"ACADEMY FOR JEWISH RELIGION, CALIFORNIA",LOS ANGELES,CA,90024,195,53,2,0,0,250,250,7,29,36
G42174,HIGH TECH HIGH GRADUATE SCHOOL OF EDUCAT,SAN DIEGO,CA,92106,358,2,0,1,0,333,367,119,330,449
1111,ALLAN HANCOCK COLLEGE,SANTA MARIA,CA,93454,155,125,69,96,0,158,459,6679,8088,14767
1113,ANTELOPE VALLEY COLLEGE,LANCASTER,CA,93536,368,2,0,0,1,357,371,2,133,135
1116,ART CENTER COLLEGE OF DESIGN,PASADENA,CA,91103,228,14,2,0,0,226,245,2762,3521,6283
1117,AZUSA PACIFIC UNIVERSITY,AZUSA,CA,91702,204,203,0,1,0,391,418,100,230,330
1118,BAKERSFIELD COLLEGE,BAKERSFIELD,CA,93305,254,5,2,0,0,246,269,43,64,107
1119,BARSTOW COMMUNITY COLLEGE,BARSTOW,CA,92311,39,426,39,1,1,420,519,75,993,1068
1122,BIOLA UNIVERSITY,LA MIRADA,CA,90639,154,26,1,0,0,178,181,664,1184,1848
1124,CABRILLO COLLEGE,APTOS,CA,95003,408,6,0,0,0,411,415,1519,1885,3404
1125,CALIFORNIA BAPTIST UNIVERSITY,RIVERSIDE,CA,92504,265,5,0,0,0,243,271,729,931,1660
1127,CALIFORNIA COLLEGE OF THE ARTS,SAN FRANCISCO,CA,94107,246,2,0,0,0,245,250,8569,9890,18459
1131,CALIFORNIA INSTITUTE OF TECHNOLOGY,PASADENA,CA,91125,79,316,112,25,1,435,540,1236,2095,3331
1132,CALIFORNIA INSTITUTE OF THE ARTS,VALENCIA,CA,91355,923,313,24,15,3,851,1288,1451,4020,5471
1133,CALIFORNIA LUTHERAN UNIVERSITY,THOUSAND OAKS,CA,91360,1310,8,1,0,0,1207,1321,1120,2372,3492
1134,CALIFORNIA MARITIME ACADEMY,VALLEJO,CA,94590,145,2,1,0,0,131,149,2563,3823,6386
1137,CALIF STATE UNIV-FULLERTON,FULLERTON,CA,92831,171,19,37,46,2,88,292,76,353,429
1138,"CALIFORNIA STATE UNIVERSITY, EAST BAY",HAYWARD,CA,94542,482,6,0,1,1,450,495,589,893,1482
1139,CALIF STATE UNIV-LONG BEACH,LONG BEACH,CA,90840,179,318,18,66,2,536,593,208,206,414
1140,CALIF STATE UNIV-LOS ANGELES,LOS ANGELES,CA,90032,455,13,1,2,0,430,472,385,437,822
1141,"CALIF STATE UNIV, DOMINGUEZ HILLS",CARSON,CA,90747,156,158,9,10,3,291,346,56,206,262
1142,CALIF STATE UNIV SAN BERNARDINO,SAN BERNARDINO,CA,92407,234,3,0,1,0,238,239,126,698,824
1143,CAL POLY STATE UNIVERSITY,SAN LUIS OBISPO,CA,93407,348,6,0,0,0,348,355,14,105,119
1144,CALIF STATE POLYTECHNIC UNIV POMONA,POMONA,CA,91768,116,16,4,0,0,137,138,94,637,731
1146,CALIF STATE UNIV - CHICO,CHICO,CA,95929,11,0,0,0,0,11,11,51,8,59
1147,CALIF STATE UNIV - FRESNO,FRESNO,CA,93740,16,3,0,0,0,19,19,544,2353,2897
1149,HUMBOLDT STATE UNIVERSITY,ARCATA,CA,95521,1477,78,68,53,3,1048,1766,1409,2936,4345
1150,CALIF STATE UNIV-SACRAMENTO,SACRAMENTO,CA,95819,35,570,138,4,11,560,780,8239,8939,17178
1151,SAN DIEGO STATE UNIVERSITY,SAN DIEGO,CA,92182,474,4,0,1,1,465,487,1653,1126,2779
1153,CALIF STATE UNIV-NORTHRIDGE,NORTHRIDGE,CA,91330,132,0,0,0,0,114,133,4487,7391,11878
1154,SAN FRANCISCO STATE UNIVERSITY,SAN FRANCISCO,CA,94132,172,973,295,231,9,1276,1714,19720,23403,43123
1155,SAN JOSE STATE UNIVERSITY,SAN JOSE,CA,95192,427,72,2,0,0,430,510,1747,1496,3243
1156,SONOMA STATE UNIVERSITY,ROHNERT PARK,CA,94928,30,937,7,0,4,968,979,2823,2898,5721
1157,CALIF STATE UNIV-STANISLAUS,TURLOCK,CA,95382,830,36,6,0,1,837,874,5,68,73
1161,CERRITOS COLLEGE,NORWALK,CA,90650,130,115,209,143,2,309,623,16,113,129
1162,CHABOT COLLEGE,HAYWARD,CA,94545,28,726,8,18,5,712,793,36,169,205
1163,CHAFFEY COLLEGE,RANCHO CUCAMONGA,CA,91737,156,5,0,0,0,158,162,19,40,59
1164,CHAPMAN UNIVERSITY,ORANGE,CA,92866,254,5,0,0,0,228,259,788,1856,2644
1166,CITRUS COLLEGE,GLENDORA,CA,91741,57,103,43,11,1,173,218,1343,1725,3068
1170,CLAREMONT MCKENNA COLLEGE,CLAREMONT,CA,91711,364,1,0,0,0,348,370,1603,2836,4439
1171,HARVEY MUDD COLLEGE,CLAREMONT,CA,91711,386,133,1,2,2,487,527,0,91,91
1172,PITZER COLLEGE,CLAREMONT,CA,91711,42,204,2,0,2,246,251,688,688,1376
1173,POMONA COLLEGE,CLAREMONT,CA,91711,326,0,2,0,0,316,332,1723,3358,5081
1174,SCRIPPS COLLEGE,CLAREMONT,CA,91711,258,4,0,0,0,246,262,192,721,913
1176,WEST HILLS COMMUNITY COLLEGE,COALINGA,CA,93210,15,416,37,2,2,371,478,2731,3948,6679
1177,COGSWELL POLYTECHNICAL COLLEGE,SUNNYVALE,CA,94089,417,53,3,0,0,391,474,75,993,1068
1178,COLLEGE OF MARIN,KENTFIELD,CA,94904,1,283,0,0,1,271,285,11236,14524,25760
1179,NOTRE DAME DE NAMUR UNIVERSITY,BELMONT,CA,94002,70,554,12,4,2,588,647,11236,14524,25760
1181,COLLEGE OF SAN MATEO,SAN MATEO,CA,94402,25,721,4,0,1,741,752,11236,14524,25760
B07022,THE CHICAGO SCHOOL OF PROF PSYCHOLOGY,CHICAGO,IL,60610,367,63,5,0,0,434,443,11236,14524,25760
E00377,UNIVERSITY OF CHICAGO GRADUATE,CHICAGO,IL,60637,5,315,8,1,2,322,333,11236,14524,25760
E00512,"UNIV OF CHICAGO, BOOTH SCH OF BUS",CHICAGO,IL,60637,62,57,195,143,0,46,486,11236,14524,25760
E00606,SO IL UNIV-SCHL OF DENTAL MEDICINE,ALTON,IL,62002,21,238,314,23,1,237,633,11236,14524,25760
E00773,CHICAGO KENT COLLEGE OF LAW,CHICAGO,IL,60661,1,30,0,0,0,30,31,8,39,47
E00784,EDUCATORS OF BEAUTY,ROCKFORD,IL,61104,531,3,1,0,0,496,542,12287,14998,27285
E00983,PACIFIC COLLEGE OF ORIENTAL MEDICINE - C,CHICAGO,IL,60601,151,84,7,2,2,226,251,7146,8344,15490
E01240,HAIR PROFESSIONALS ACADEMY OF COSMETOLOG,NAPERVILLE,IL,60563,432,4,0,0,0,427,446,179,223,402
E01244,RASMUSSEN COLLEGE - ROCKFORD,ROCKFORD,IL,61108,704,7,0,0,2,707,717,2659,2572,5231
E01510,RASMUSSEN COLLEGE - AURORA,AURORA,IL,60506,155,14,0,0,1,166,174,86,215,301
E01649,RASMUSSEN COLLEGE - ROMEOVILLE,ROMEOVILLE,IL,60446,486,35,2,0,0,522,528,57,55,112
E01717,CORTIVA INSTITUTE - CHICAGO,CRYSTAL LAKE,IL,60014,37,164,187,23,2,128,426,390,563,953
E01865,RASMUSSEN COLLEGE - MOKENA,MOKENA,IL,60448,117,404,3,6,2,505,534,18,64,82
E02023,VATTEROTT COLLEGE - FAIRVIEW HEIGHTS,FAIRVIEW HEIGHTS,IL,62208,420,144,4,8,1,502,580,52,136,188
E02206,PAUL MITCHELL THE SCHOOL ESCANABA - PAUL,LOMBARD,IL,60148,60,106,7,19,1,189,196,64,378,442
E40390,PAUL MITCHELL THE SCHOOL TINLEY PARK,TINLEY PARK,IL,60477,361,1,0,0,0,353,362,9,108,117
G01661,CHICAGO THEOLOGICAL SEMINARY,CHICAGO,IL,60637,0,147,10,9,0,138,169,60,212,272
G01682,GARRETT-EVANGELICAL THEOLOGICAL SEM,EVANSTON,IL,60201,45,81,3,1,1,133,133,13,141,154
G01698,JOHN MARSHALL LAW SCHOOL,CHICAGO,IL,60604,68,15,0,0,0,83,83,195,415,610
G01712,LUTHERAN SCHOOL OF THEOL AT CHICAGO,CHICAGO,IL,60615,1,714,11,0,0,727,728,11,171,182
G01721,MCCORMICK THEOLOGICAL SEMINARY,CHICAGO,IL,60615,243,5,2,0,1,248,253,1226,2292,3518
G01723,MEADVILLE LOMBARD THEOLOGICAL SCHOOL,CHICAGO,IL,60637,601,3,0,0,0,605,610,796,991,1787
G01736,NORTHERN BAPTIST THEOL SEMINARY,LOMBARD,IL,60148,25,177,579,92,1,127,964,11123,15089,26212
G01765,UNIVERSITY OF ST MARY OF THE LAKE,MUNDELEIN,IL,60060,238,18,1,0,0,249,259,1785,3012,4797
G09232,CATHOLIC THEOLOGICAL UNION,CHICAGO,IL,60615,485,3,1,0,0,486,490,1455,990,2445
G10141,UNIV OF CHICAGO PRITZKER SCH OF MED,CHICAGO,IL,60637,458,3,0,0,0,438,465,1078,2026,3104
G20681,ADLER UNIVERSITY,CHICAGO,IL,60602,23,850,16,0,4,850,894,2849,6330,9179
G20754,DEVRY UNIVERSITY - DOWNERS,DOWNERS GROVE,IL,60515,584,3,0,0,0,491,591,11525,15300,26825
G23192,LAKE FOREST GRAD SCHL OF MGMT,LAKE FOREST,IL,60045,6,423,2,0,0,401,431,1370,1332,2702
G25737,INSTITUTE FOR CLINICAL SOCIAL WORK,CHICAGO,IL,60605,5,183,8,5,0,195,205,25476,26602,52078
G35103,ERIKSON INSTITUTE,CHICAGO,IL,60654,24,158,83,9,2,230,281,2787,3686,6473
G36843,NORTHSHORE UNIVERSITY HEALTHSYSTEM SCHOO,EVANSTON,IL,60201,5,902,23,3,4,819,942,18733,13930,32663
1628,AMERICAN ACADEMY OF ART,CHICAGO,IL,60604,16,284,333,49,1,446,702,3,31,34
1633,AUGUSTANA COLLEGE,ROCK ISLAND,IL,61201,53,348,4,1,0,354,416,187,11,198
1634,AURORA UNIVERSITY,AURORA,IL,60506,137,373,157,26,3,411,714,6,138,144
1636,SOUTHWESTERN ILLINOIS COLLEGE,BELLEVILLE,IL,62221,260,5,0,0,0,265,269,46,440,486
1638,BLACK HAWK COLLEGE,MOLINE,IL,61265,113,170,2,0,0,281,286,41,298,339
1639,BLACKBURN COLLEGE,CARLINVILLE,IL,62626,374,2,0,0,0,372,377,9,86,95
1640,PRAIRIE STATE COLLEGE,CHICAGO HEIGHTS,IL,60411,435,9,2,0,0,445,449,18,72,90
1641,BRADLEY UNIVERSITY,PEORIA,IL,61625,58,490,174,141,9,711,895,1073,1213,2286
1643,SPOON RIVER COLLEGE,CANTON,IL,61520,373,33,187,4,0,224,607,2275,1424,3699
1647,CITY COLLEGES OF CHICAGO,CHICAGO,IL,60606,357,3,0,0,0,358,360,4487,7391,11878
1648,TRUMAN COLLEGE,CHICAGO,IL,60640,222,2,1,0,0,217,227,1151,1164,2315
1649,RICHARD J DALEY COLLEGE,CHICAGO,IL,60652,208,87,4,0,0,289,300,1109,2400,3509
1650,CITY COLLEGES OF CHICAGO-MALCOLM X,CHICAGO,IL,60612,282,31,6,2,1,298,323,20662,22739,43401
1652,HAROLD WASHINGTON COLLEGE,CHICAGO,IL,60601,0,72,0,0,1,71,77,160,479,639
1653,OLIVE-HARVEY COLLEGE,CHICAGO,IL,60628,35,91,3,0,0,131,131,7,65,72
1654,KENNEDY KING COLLEGE,CHICAGO,IL,60621,269,74,6,0,0,343,350,9,150,159
1655,WRIGHT COLLEGE,CHICAGO,IL,60634,483,596,612,331,5,880,2108,1774,2676,4450
1657,MIDWESTERN UNIVERSITY,DOWNERS GROVE,IL,60515,649,9,1,0,1,649,664,168,276,444
1659,ROSALIND FRANKLIN UNIVERSITY OF MEDICINE,NORTH CHICAGO,IL,60064,200,164,9,0,0,346,375,,,
1663,SPERTUS COLLEGE,CHICAGO,IL,60605,344,0,0,0,0,334,344,10193,15132,25325
1664,UNIVERSITY OF ST FRANCIS,JOLIET,IL,60435,615,104,2,1,2,680,730,428,681,1109
1665,COLUMBIA COLLEGE,CHICAGO,IL,60605,23,130,138,18,1,98,347,3,33,36
1666,CONCORDIA UNIVERSITY,RIVER FOREST,IL,60305,205,53,7,2,1,244,269,158,1433,1591
1669,DANVILLE AREA COMMUNITY COLLEGE,DANVILLE,IL,61832,201,287,4,0,1,451,494,2709,4029,6738
1671,DEPAUL UNIVERSITY,CHICAGO,IL,60604,20,100,294,47,0,69,488,122,373,495
1674,EASTERN ILLINOIS UNIVERSITY,CHARLESTON,IL,61920,162,7,0,0,0,150,170,961,1436,2397
1675,ELGIN COMMUNITY COLLEGE,ELGIN,IL,60123,753,146,6,2,1,666,916,65,4,69
1676,ELMHURST COLLEGE,ELMHURST,IL,60126,53,329,12,2,0,408,417,538,1274,1812
1678,EUREKA COLLEGE,EUREKA,IL,61530,415,13,0,1,0,397,430,7,155,162
1681,HIGHLAND COMMUNITY COLLEGE,FREEPORT,IL,61032,200,4,0,0,0,203,204,1078,1113,2191
1684,GREENVILLE COLLEGE,GREENVILLE,IL,62246,490,1,0,0,0,399,491,5276,7369,12645
1685,HEBREW THEOLOGICAL COLLEGE,SKOKIE,IL,60077,370,4,0,0,0,356,375,4,100,104
1688,ILLINOIS COLLEGE,JACKSONVILLE,IL,62650,395,8,0,0,0,387,404,8,70,78
1689,ILLINOIS COLLEGE OF OPTOMETRY,CHICAGO,IL,60616,24,114,26,2,0,106,167,589,796,1385
1691,ILLINOIS INSTITUTE OF TECHNOLOGY,CHICAGO,IL,60616,312,177,2,0,0,473,495,6065,8694,14759
1692,ILLINOIS STATE UNIVERSITY,NORMAL,IL,61790,336,3,11,0,0,231,355,689,804,1493
1693,NORTHEASTERN ILLINOIS UNIV,CHICAGO,IL,60625,135,363,39,22,0,344,578,13012,19046,32058
1694,CHICAGO STATE UNIVERSITY,CHICAGO,IL,60628,12,37,124,96,0,39,291,8584,12504,21088
1696,ILLINOIS WESLEYAN UNIVERSITY,BLOOMINGTON,IL,61701,79,17,0,0,0,96,97,1074,1399,2473
1699,JOLIET JUNIOR COLLEGE,JOLIET,IL,60431,194,10,3,2,0,85,212,1250,1717,2967
1700,JUDSON UNIVERSITY,ELGIN,IL,60123,429,8,1,1,0,435,440,28282,34671,62953
1701,KASKASKIA COLLEGE,CENTRALIA,IL,62801,51,71,15,5,1,128,147,7871,9870,17741
1703,KENDALL COLLEGE,CHICAGO,IL,60622,20,401,30,0,1,319,460,74,255,329
1704,KNOX COLLEGE,GALESBURG,IL,61401,417,3,0,0,0,394,421,14,209,223
1705,ILLINOIS VALLEY COMMUNITY COLLEGE,OGLESBY,IL,61348,30,703,16,0,1,722,756,6500,7765,14265
1706,LAKE FOREST COLLEGE,LAKE FOREST,IL,60045,210,482,8,1,4,667,710,14,118,132
1707,LEWIS UNIVERSITY,ROMEOVILLE,IL,60446,294,0,0,0,0,293,295,1,50,51
1708,LINCOLN CHRISTIAN UNIVERSITY,LINCOLN,IL,62656,7,408,239,0,2,377,661,2142,1697,3839
1709,LINCOLN COLLEGE,LINCOLN,IL,62656,356,0,0,0,1,344,357,1,40,41
1710,LOYOLA UNIVERSITY CHICAGO,CHICAGO,IL,60626,12,315,14,2,1,312,347,200,291,491
1716,MACCORMAC COLLEGE,CHICAGO,IL,60602,0,0,0,0,0,0,0,73,223,296
1717,MACMURRAY COLLEGE,JACKSONVILLE,IL,62650,388,28,0,0,0,412,418,65,222,287
1722,MCKENDREE UNIVERSITY,LEBANON,IL,62254,275,83,13,17,0,380,407,1035,1421,2456
1724,MILLIKIN UNIVERSITY,DECATUR,IL,62522,322,18,7,0,0,312,349,540,884,1424
1725,MONMOUTH COLLEGE,MONMOUTH,IL,61462,254,227,35,99,1,588,629,228,152,380
1727,MOODY BIBLE INSTITUTE,CHICAGO,IL,60610,170,115,186,46,0,170,562,2659,2572,5231
1728,MORTON COLLEGE,CICERO,IL,60804,630,8,1,0,0,574,639,928,1208,2136
1732,NATIONAL UNIV OF HEALTH SCIENCES,LOMBARD,IL,60148,221,53,8,1,0,268,287,46,56,102
1733,NATIONAL-LOUIS UNIVERSITY,CHICAGO,IL,60603,2,577,3,0,0,562,585,2265,2849,5114
1734,NORTH CENTRAL COLLEGE,NAPERVILLE,IL,60540,288,2,0,0,0,237,292,3783,6153,9936
1735,NORTH PARK UNIVERSITY,CHICAGO,IL,60625,9,28,163,47,0,26,273,3783,6153,9936
1737,NORTHERN ILLINOIS UNIVERSITY,DEKALB,IL,60115,84,424,3,0,1,493,515,3783,6153,9936
1739,NORTHWESTERN UNIV,EVANSTON,IL,60208,352,6,3,0,0,354,361,3783,6153,9936
1741,OLIVET NAZARENE UNIVERSITY,BOURBONNAIS,IL,60914,244,5,0,0,0,210,251,3783,6153,9936
1742,IL EASTERN COMM COLGS-OLNEY CENTRAL,OLNEY,IL,62450,153,0,0,0,0,138,154,553,793,1346
1745,QUINCY UNIVERSITY,QUINCY,IL,62301,13,147,1,0,0,161,161,2,45,47
1746,ROBERT MORRIS UNIVERSITY ILLINOIS,CHICAGO,IL,60605,10,119,624,16,1,102,789,1617,3381,4998
1747,ROCK VALLEY COLLEGE,ROCKFORD,IL,61114,295,136,251,2,7,290,706,2659,2572,5231
1748,ROCKFORD UNIVERSITY,ROCKFORD,IL,61108,20,1049,5,0,4,1046,1084,1377,2972,4349
1749,ROOSEVELT UNIVERSITY,CHICAGO,IL,60605,275,17,1,0,0,292,294,20,80,100
1750,DOMINICAN UNIVERSITY,RIVER FOREST,IL,60305,120,347,13,2,3,452,489,5,158,163
1752,SAUK VALLEY COMMUNITY COLLEGE,DIXON,IL,61021,405,6,0,0,0,392,412,7,85,92
1753,SCHOOL OF ART INSTITUTE OF CHICAGO,CHICAGO,IL,60603,52,123,295,48,5,110,570,5,103,108
1756,SHIMER COLLEGE,CHICAGO,IL,60616,2,327,1,0,1,323,331,18185,19822,38007
1757,SOUTHEASTERN ILLINOIS COLLEGE,HARRISBURG,IL,62946,20,488,226,3,1,378,743,121,52,173
E00505,ST JOSEPH'S COLLEGE-SUFFOLK CAMPUS,PATCHOGUE,NY,11772,13,388,319,42,1,460,781,0,70,70
E00546,NY INSTITUTE OF TECHNOLOGY-OSTEOPATHIC M,OLD WESTBURY,NY,11568,477,47,2,0,2,520,531,943,1812,2755
E00911,PACIFIC COLLEGE OF ORIENTAL MEDICINE - N,NEW YORK,NY,10010,492,15,0,0,1,402,510,908,760,1668
E00922,ITT TECHNICAL INSTITUTE,ALBANY,NY,12205,15,261,252,98,0,401,636,10495,11803,22298
E01255,LINCOLN TECHNICAL INSTITUTE - WHITESTONE,WHITESTONE,NY,11357,225,241,194,35,0,345,742,20155,15559,35714
E01670,RIDLEY - LOWELL BUSINESS & TECHNICAL INS,POUGHKEEPSIE,NY,12601,556,5,3,1,0,560,565,0,110,110
E01719,CONTINENTAL SCHOOL OF BEAUTY CULTURE - B,BUFFALO,NY,14223,332,12,0,0,1,347,355,891,904,1795
E01739,MAKE-UP DESIGNORY -,NEW YORK,NY,10012,193,977,110,33,13,1207,1334,553,857,1410
E01740,ALLEN SCHOOL - BROOKLYN,BROOKLYN,NY,11201,20,151,345,24,0,126,582,14776,14493,29269
E01868,FINGER LAKES SCHOOL OF MASSAGE (THE) -,MOUNT KISCO,NY,10549,327,66,0,0,0,385,394,723,2044,2767
E01897,CONTINENTAL SCHOOL OF BEAUTY CULTURE - M,MATTYDALE,NY,13211,133,5,1,0,0,117,139,2125,2308,4433
E01999,CONTINENTAL SCHOOL OF BEAUTY CULTURE -,BATAVIA,NY,14020,353,4,1,0,0,328,359,106,6,112
E02126,"JOHN PAOLO'S XTREME BEAUTY INSTITUTE, GO",NEW YORK MILLS,NY,13417,96,121,120,201,0,266,559,52,261,313
E02188,NEW YORK MEDICAL CAREER TRAINING CENTER,NEW YORK,NY,10018,247,156,101,38,0,329,566,2288,3002,5290
G02669,BANK STREET COLLEGE OF EDUCATION,NEW YORK,NY,10025,356,94,4,4,0,411,468,861,979,1840
G02674,NEW YORK THEOLOGICAL SEMINARY,NEW YORK,NY,10115,428,3,0,0,0,354,431,213,151,364
G02677,BROOKLYN LAW SCHOOL,BROOKLYN,NY,11201,527,3,0,0,0,484,535,46,0,46
G02700,COLGATE ROCHESTER CROZER DIVINITY S,ROCHESTER,NY,14620,330,39,3,1,3,359,379,93,263,356
G02726,GENERAL THEOLOGICAL SEMINARY,NEW YORK,NY,10011,506,13,0,0,1,449,520,7240,8947,16187
G02749,NEW YORK COLLEGE OF PODIATRIC MED,NEW YORK,NY,10035,32,371,106,30,1,298,554,575,727,1302
G02783,NEW YORK LAW SCHOOL,NEW YORK,NY,10013,392,8,1,0,0,379,402,301,371,672
G02784,NEW YORK MEDICAL COLLEGE,VALHALLA,NY,10595,223,33,0,0,0,251,257,128,2,130
G02807,ROCKEFELLER UNIVERSITY,NEW YORK,NY,10021,234,6,0,0,0,208,243,27,58,85
G02822,CHRIST THE KING SEMINARY,EAST AURORA,NY,14052,456,8,0,0,1,422,465,156,93,249
G02833,ST VLADIMIR ORTHODOX THEOL SEM,CRESTWOOD,NY,10707,248,53,70,21,1,201,410,539,20,559
G02886,ALBANY LAW SCHOOL,ALBANY,NY,12208,9,428,7,0,2,413,448,353,1030,1383
G02887,ALBANY MEDICAL COLLEGE,ALBANY,NY,12208,355,7,0,2,0,339,364,386,1356,1742
G02890,UNION THEOLOGICAL SEMINARY,NEW YORK,NY,10027,419,24,0,0,1,429,451,355,210,565
G03979,COLUMBIA UNIV TEACHERS COLLEGE,NEW YORK,NY,10027,308,7,3,0,0,317,318,89,26,115
G04054,HEBREW UNION COL-JEWISH INST OF REL,NEW YORK,NY,10012,268,8,1,0,0,271,279,236,314,550
G04762,WEILL CORNELL MEDICAL COLLEGE AND GRADUA,NEW YORK,NY,10021,204,25,0,0,0,215,242,3637,2529,6166
G07026,MOUNT SINAI SCHOOL OF MEDICINE,NEW YORK,NY,10029,178,11,2,0,0,188,194,2,34,36
G09895,YESHIVA UNIVERSITY - BRONX CAMPUS,BRONX,NY,10461,59,1057,9,0,5,1063,1132,7047,9715,16762
G24601,UNIV OF ROCHESTER SCHL OF MEDICINE,ROCHESTER,NY,14642,2,595,9,3,2,568,611,7047,9715,16762
G31913,CUNY SCHOOL OF LAW @ QUEENS COLLEGE,FLUSHING,NY,11367,20,2,0,0,0,21,22,7047,9715,16762
G32163,UNIFICATION THEOLOGICAL SEMINARY,BARRYTOWN,NY,12507,48,103,47,7,0,158,206,174,342,516
G34194,NORTHEASTERN SEMINARY,ROCHESTER,NY,14624,4,604,2,0,2,552,612,510,1435,1945
G34433,NEW YORK COLLEGE OF TRADITIONAL CHINESE,MINEOLA,NY,11501,222,92,40,110,2,431,484,72,306,378
G38813,CLARKSON UNIVERSITY - CAPITAL REGION CAM,SCHENECTADY,NY,12308,236,6,0,0,0,241,242,2659,2572,5231
G41798,SOTHEBY'S INSTITUTE OF ART - NY,NEW YORK,NY,10022,63,299,20,2,1,348,389,13759,13528,27287
G42076,AMERICAN ACADEMY OF PERSONAL TRAINING,NEW YORK,NY,10011,1299,24,6,1,3,1100,1340,777,955,1732
G42238,ELECTRICAL TRAINING CENTER (THE),COPIAGUE,NY,11726,145,1,0,0,0,144,147,970,1355,2325
2665,VAUGHN COLLEGE OF AERONAUTICS AND TECHNO,EAST ELMHURST,NY,11369,252,251,8,1,1,496,518,1,2,3
2666,ADELPHI UNIVERSITY,GARDEN CITY,NY,11530,678,9,0,0,0,606,702,34638,47030,81668
2668,ALFRED UNIVERSITY,ALFRED,NY,14802,32,933,15,60,1,1003,1042,537,2503,3040
2671,BARD COLLEGE,ANNANDALE-ON-HUDSON,NY,12504,422,9,0,0,1,412,434,1095,2117,3212
2678,BRYANT & STRATTON COLLEGE,BUFFALO,NY,14203,500,569,14,2,2,1037,1094,12,101,113
2681,CANISIUS COLLEGE,BUFFALO,NY,14208,66,49,0,3,0,109,119,3061,3067,6128
2685,CAZENOVIA COLLEGE,CAZENOVIA,NY,13035,38,486,5,1,0,476,531,23559,16913,40472
2686,CITY UNIV OF NEW YORK-CENTRAL,NEW YORK,NY,10021,154,542,9,15,6,695,733,6,89,95
2687,CUNY-BROOKLYN COLLEGE,BROOKLYN,NY,11210,265,7,0,0,0,269,273,169,194,363
2688,CITY COLLEGE-CUNY,NEW YORK,NY,10031,52,843,47,16,4,789,967,1784,2836,4620
2689,CUNY-HUNTER COLLEGE,NEW YORK,NY,10021,143,685,130,173,1,985,1160,2028,1367,3395
2690,QUEENS COLLEGE-CUNY,FLUSHING,NY,11367,230,616,17,28,3,765,898,15,113,128
2691,CUNY- BOROUGH OF MANHATTAN CMTY CLG,NEW YORK,NY,10007,398,10,0,0,0,403,408,645,910,1555
2692,CUNY BRONX COMMUNITY COLLEGE,BRONX,NY,10453,62,414,47,25,3,489,561,10495,11803,22298
2693,CUNY-JOHN JAY CLG CRIMINAL JUSTICE,NEW YORK,NY,10019,363,5,0,0,0,340,371,138,131,269
2694,KINGSBOROUGH COMMUNITY COLLEGE,BROOKLYN,NY,11235,34,96,302,16,0,84,471,774,916,1690
2696,NY CITY COLLEGE OF TECHNOLOGY-CUNY,BROOKLYN,NY,11201,177,1,0,0,0,176,178,268,277,545
2697,QUEENSBOROUGH COMMUNITY COLLEGE,BAYSIDE,NY,11364,5,122,398,33,1,107,565,425,474,899
2698,CUNY THE COLLEGE OF STATEN ISLAND,STATEN ISLAND,NY,10314,423,5,1,0,0,425,432,22619,21032,43651
2699,CLARKSON UNIVERSITY,POTSDAM,NY,13699,108,89,529,77,3,141,852,5891,6320,12211
2701,COLGATE UNIVERSITY,HAMILTON,NY,13346,345,25,2,0,0,368,373,45,952,997
2703,COLLEGE OF MOUNT SAINT VINCENT,RIVERDALE,NY,10471,395,3,2,1,0,395,401,11,85,96
2704,COLLEGE OF NEW ROCHELLE,NEW ROCHELLE,NY,10805,6,935,30,6,2,923,990,25476,26602,52078
2705,COLLEGE OF SAINT ROSE,ALBANY,NY,12203,44,63,291,4,0,82,415,25476,26602,52078
2707,COLUMBIA UNIVERSITY IN THE CITY OF NEW Y,NEW YORK,NY,10027,81,1214,74,3,8,1261,1386,29,117,146
2708,BARNARD COLLEGE-COLUMBIA UNIV,NEW YORK,NY,10027,98,325,30,1,1,434,460,168,118,286
2709,CONCORDIA COLLEGE,BRONXVILLE,NY,10708,179,194,46,7,3,321,454,254,197,451
2710,COOPER UNION,NEW YORK,NY,10003,466,26,2,0,0,426,496,874,1044,1918
2711,CORNELL UNIVERSITY,ITHACA,NY,14853,110,757,6,1,1,844,878,833,1194,2027
2712,D'YOUVILLE COLLEGE,BUFFALO,NY,14201,281,4,0,0,0,277,286,11823,1917,13740
2713,DOMINICAN COLLEGE,ORANGEBURG,NY,10962,310,1,1,0,0,290,313,3459,4793,8252
2718,ELMIRA COLLEGE,ELMIRA,NY,14901,2,282,0,0,0,272,284,8583,12644,21227
2722,FORDHAM UNIVERSITY,BRONX,NY,10458,360,122,92,41,0,479,666,2207,3642,5849
2727,PACE UNIVERSITY - WHITE PLAINS,WHITE PLAINS,NY,10603,553,9,3,0,0,549,566,11823,1917,13740
2728,HAMILTON COLLEGE,CLINTON,NY,13323,269,1,0,0,0,265,271,121,2,123
2729,HARTWICK COLLEGE,ONEONTA,NY,13820,158,324,192,508,3,1099,1189,1,80,81
2731,HOBART & WILLIAM SMITH COLLEGES,GENEVA,NY,14456,91,579,30,0,1,605,711,2683,5585,8268
2732,HOFSTRA UNIVERSITY,HEMPSTEAD,NY,11549,342,1716,1540,457,14,2033,4187,5675,5226,10901
2734,HOUGHTON COLLEGE,HOUGHTON,NY,14744,621,153,5,0,1,755,783,4,55,59
2735,HILBERT COLLEGE,HAMBURG,NY,14075,22,609,250,18,4,721,940,703,854,1557
2737,IONA COLLEGE,NEW ROCHELLE,NY,10801,67,844,16,3,5,898,941,158,689,847
2739,ITHACA COLLEGE,ITHACA,NY,14850,134,0,0,0,0,128,134,4,47,51
2740,JEWISH THEOLOGICAL SEMINARY OF AMER,NEW YORK,NY,10027,7,156,2,1,2,167,168,2125,2308,4433
2742,THE JUILLIARD SCHOOL,NEW YORK,NY,10023,22,1487,30,4,5,1483,1554,6144,6942,13086
2744,KEUKA COLLEGE,KEUKA PARK,NY,14478,8,458,13,2,0,442,483,960,1496,2456
2748,LEMOYNE COLLEGE,SYRACUSE,NY,13214,48,75,399,49,0,104,637,1878,2627,4505
2751,LONG ISLAND UNIVERSITY,BROOKVILLE,NY,11548,343,5,0,0,0,346,350,1020,1639,2659
2758,MANHATTAN COLLEGE,RIVERDALE,NY,10471,284,28,12,1,0,249,331,3843,4947,8790
2759,MANHATTAN SCHOOL OF MUSIC,NEW YORK,NY,10027,284,0,0,1,0,255,286,2136,1494,3630
2760,MANHATTANVILLE COLLEGE,PURCHASE,NY,10577,10,77,338,51,2,47,511,89,70,159
2763,MARIA COLLEGE,ALBANY,NY,12208,384,8,0,3,0,382,396,959,1711,2670
2765,MARIST COLLEGE,POUGHKEEPSIE,NY,12601,45,1492,9,8,6,1512,1580,6679,8088,14767
2769,MARYMOUNT MANHATTAN COLLEGE,NEW YORK,NY,10021,70,113,488,24,2,118,722,1454,2498,3952
2772,MERCY COLLEGE,DOBBS FERRY,NY,10522,205,785,5,1,2,932,1001,252,132,384
2775,MOLLOY COLLEGE,ROCKVILLE CENTRE,NY,11570,75,386,9,0,1,383,496,401,395,796
2777,MEDAILLE COLLEGE,BUFFALO,NY,14214,284,2,0,0,0,278,287,5,25,30
2778,MOUNT SAINT MARY COLLEGE,NEWBURGH,NY,12550,473,2,1,0,0,446,477,337,698,1035
2779,NAZARETH COLLEGE OF ROCHESTER,ROCHESTER,NY,14618,9,643,2,0,0,646,654,133,293,426
2780,THE NEW SCHOOL,NEW YORK,NY,10011,149,6,0,0,0,157,157,5958,7761,13719
2782,NEW YORK INSTITUTE OF TECHNOLOGY,OLD WESTBURY,NY,11568,12,569,39,8,0,552,641,1760,2776,4536
2785,NEW YORK UNIVERSITY,NEW YORK,NY,10012,303,3,0,0,0,301,308,12,52,64
2788,NIAGARA UNIVERSITY,NIAGARA UNIVERSITY,NY,14109,6,298,16,4,1,297,333,583,868,1451
2790,NYACK COLLEGE,NYACK,NY,10960,254,1050,44,5,9,1263,1370,1650,2273,3923
2791,PACE UNIVERSITY - NEW YORK,NEW YORK,NY,10038,129,204,117,3,0,423,455,5128,7930,13058
B42154,GRACE SCHOOL OF THEOLOGY,CONROE,TX,77384,24,1110,12,2,2,1102,1158,73,110,183
E00673,REMINGTON COLLEGE - FT. WORTH CAMPUS,FT. WORTH,TX,76112,4,779,4,0,0,770,787,26,86,112
E00711,INTERACTIVE LEARNING SYSTEMS,HOUSTON,TX,77081,766,98,1,2,3,856,881,13921,13507,27428
E00819,SOUTHERN CAREERS INSTITUTE-PHARR,PHARR,TX,78577,15,323,127,963,3,1261,1479,13759,13528,27287
E00820,SOUTHERN CAREERS INSTITUTE - CORPUS CHRI,CORPUS CHRISTI,TX,78414,149,3,0,0,0,153,153,1461,2066,3527
E00821,SOUTHERN CAREERS INSTITUTE - SAN ANTONIO,SAN ANTONIO,TX,78221,567,12,1,0,0,545,582,749,789,1538
E00978,KAPLAN COLLEGE - BEAUMONT,BEAUMONT,TX,77706,339,53,2,1,1,395,398,1259,1824,3083
E01008,VIRGINIA COLLEGE - VIRGINIA COLLEGE AT A,AUSTIN,TX,78723,32,246,2,1,1,274,285,11123,15089,26212
E01009,KAPLAN COLLEGE - LAREDO,LAREDO,TX,78041,502,7,1,0,0,414,515,11525,15300,26825
E01021,KAPLAN COLLEGE - CAREER CENTERS OF TEXAS,CORPUS CHRISTI,TX,78416,314,3,0,0,0,258,320,5934,5786,11720
E01023,KAPLAN COLLEGE - BROWNSVILLE,BROWNSVILLE,TX,78521,1,821,2,0,0,798,824,75,993,1068
E01027,KAPLAN COLLEGE - MCALLEN,MCALLEN,TX,78503,4,823,1,0,1,810,829,131,73,204
E01030,INTERACTIVE LEARNING SYSTEMS,HOUSTON,TX,77060,14,216,17,28,0,267,279,8,135,143
E01051,AMERICAN INTERCONTINENTAL UNIV - HOUSTON,HOUSTON,TX,77042,175,453,116,274,5,905,1047,21741,29947,51688
E01057,KAPLAN COLLEGE - LUBBOCK,LUBBOCK,TX,79401,15,749,13,0,0,687,777,17030,24958,41988
E01104,KAPLAN COLLEGE - CAREER CENTERS OF TEXAS,FORT WORTH,TX,76103,156,751,18,1,1,774,932,15887,18042,33929
E01173,REMINGTON COLLEGE - NORTH HOUSTON CAMPUS,HOUSTON,TX,77067,8,739,16,3,0,755,767,1056,2307,3363
E01195,TEXAS SCHOOL OF BUSINESS - FRIENDSWOOD C,FRIENDSWOOD,TX,77546,112,233,4,4,0,299,354,1056,2307,3363
E01258,INTERNATIONAL ACADEMY OF DESIGN & TECHNO,SAN ANTONIO,TX,78229,85,58,37,382,0,464,565,25476,26602,52078
E01300,SOUTH TEXAS VOCATIONAL TECHNICAL INSTITU,BROWNSVILLE,TX,78520,270,86,0,0,0,352,360,25476,26602,52078
E01301,SOUTHWEST SCHOOL OF BUSINESS AND TECHNIC,MCALLEN,TX,78501,274,5,2,0,0,266,281,2787,3686,6473
E01320,EVEREST COLLEGE - DALLAS,DALLAS,TX,75206,35,305,8,5,1,235,356,18733,13930,32663
E01322,EVEREST INSTITUTE - BISSONNET,HOUSTON,TX,77036,273,14,1,0,0,284,288,16,113,129
E01338,EVEREST COLLEGE - ARLINGTON,ARLINGTON,TX,76011,391,4,1,0,0,381,397,156,478,634
E01340,EVEREST INSTITUTE - HOUSTON GREENSPOINT,HOUSTON,TX,77060,472,16,1,0,0,441,492,7,47,54
E01341,EVEREST INSTITUTE - HOUSTON HOBBY,HOUSTON,TX,77087,44,282,269,237,2,630,872,510,378,888
E01343,EVEREST INSTITUTE- AUSTIN,AUSTIN,TX,78754,275,139,8,3,0,402,425,149,76,225
E01378,INSTITUTE FOR BUSINESS & TECHNOLOGY - LA,SAN ANTONIO,TX,78230,256,4,1,0,0,240,262,65,85,150
E01598,MEDIATECH INSTITUTE - AUSTIN,AUSTIN,TX,78704,272,3,0,0,1,265,277,52,81,133
E01599,MEDIATECH INSTITUTE - HOUSTON,HOUSTON,TX,77042,9,774,6,10,0,724,801,85,301,386
E01600,FORTIS COLLEGE - FORTIS INSTITUTE,GRAND PRAIRIE,TX,75050,177,831,10,1,5,1014,1032,83,406,489
E01618,COMPUTER CAREER CENTER - AMARILLO CAMPUS,AMARILLO,TX,79101,240,4,0,0,0,241,245,10,257,267
E01648,COMPUTER CAREER CENTER - LUBBOCK CAMPUS,LUBBOCK,TX,79414,65,400,17,6,0,452,496,550,398,948
E01653,SOUTH TEXAS VOCATIONAL TECHNICAL INSTITU,CORPUS CHRISTI,TX,78416,309,59,7,0,0,370,377,1880,1961,3841
E01688,SOUTHERN CAREERS INSTITUTE - BROWNSVILLE,BROWNSVILLE,TX,78520,456,15,1,0,0,425,473,527,391,918
E01689,SOUTHERN CAREERS INSTITUTE - HARLINGEN,HARLINGEN,TX,78550,121,142,370,131,1,159,825,83,172,255
E01845,KAPLAN COLLEGE - ARLINGTON,ARLINGTON,TX,76010,243,17,2,0,0,153,264,1498,1558,3056
E01874,EVEREST COLLEGE - FORT WORTH SOUTH,FORT WORTH,TX,76115,215,534,7,0,0,757,762,6227,9059,15286
E02074,UTAH COLLEGE OF MASSAGE THERAPY - TEXAS,RICHARDSON,TX,75801,24,779,105,46,2,883,1043,5968,8721,14689
E02094,VISTA COLLEGE - BEAUMONT,BEAUMONT,TX,77701,287,454,6,0,1,726,750,1907,2798,4705
E02095,VISTA COLLEGE - LONGVIEW,LONGVIEW,TX,75604,16,1017,8,1,3,1011,1049,1907,2798,4705
E02098,TEXAS BARBER COLLEGES & HAIRSTYLING SCHO,DALLAS,TX,75228,384,630,102,284,1,1284,1423,1412,3104,4516
E02099,TEXAS BARBER COLLEGES & HAIRSTYLING SCHO,DALLAS,TX,75241,158,317,14,7,0,498,506,81,59,140
E02100,TEXAS BARBER COLLEGES & HAIRSTYLING SCHO,HOUSTON,TX,77009,196,3,0,0,0,188,199,4581,5019,9600
E02134,UTAH COLLEGE OF MASSAGE THERAPY - TEXAS,HOUSTON,TX,77040,42,50,6,2,0,87,102,29,99,128
E02135,SOUTH UNIVERSITY - AUSTIN,AUSTIN,TX,78729,70,1604,30,270,3,1888,1985,65,9,74
E02158,VISTA COLLEGE - KILLEEN,KILLEEN,TX,76541,13,690,18,9,1,689,734,0,79,79
E02174,SOUTHERN CAREERS INSTITUTE - SAN ANTONIO,SAN ANTONIO,TX,78238,54,830,60,76,6,990,1050,303,805,1108
E02177,PCI HEALTH TRAINING CENTER - RICHARDSON,RICHARDSON,TX,75081,36,339,126,68,6,406,607,11123,15089,26212
E02191,MYCOMPUTERCAREER.COM - DALLAS,IRVING,TX,75062,77,157,114,2,0,196,357,2787,3686,6473
E02192,MYCOMPUTERCAREER.COM - HOUSTON,HOUSTON,TX,77056,217,439,3,0,1,643,661,959,1711,2670
E40388,VISTA COLLEGE - COLLEGE STATION,COLLEGE STATION,TX,77840,36,1035,4,0,3,1040,1080,3183,4050,7233
E40436,FLORIDA CAREER COLLEGE - UEI COLLEGE - H,HOUSTON,TX,77090,335,3,0,0,2,338,341,3183,4050,7233
G03544,AUSTIN PRESBYTERIAN THEOLOGICAL SEM,AUSTIN,TX,78705,3,164,2,8,1,164,178,74,278,352
G03562,DALLAS THEOLOGICAL SEM,DALLAS,TX,75204,5,254,251,53,1,336,588,832,1389,2221
G03566,EPISCOPAL THEOLOGICAL SEMINARY OF THE SO,AUSTIN,TX,78705,14,452,11,0,0,466,477,416,592,1008
G03595,OBLATE SCHOOL OF THEOLOGY,SAN ANTONIO,TX,78216,6,825,19,4,0,805,854,1712,2179,3891
G04977,SOUTH TEXAS COLLEGE OF LAW,HOUSTON,TX,77002,314,259,5,0,1,587,588,316,496,812
G23202,HOUSTON GRADUATE SCHOOL OF THEOLOGY,HOUSTON,TX,77035,127,148,181,18,1,188,500,6111,8223,14334
G41527,ASTRODOME CAREER CENTERS,HOUSTON,TX,77054,9,974,12,3,4,968,1003,29,49,78
3537,ABILENE CHRISTIAN UNIVERSITY,ABILENE,TX,79699,4,276,13,6,1,286,302,3,29,32
3539,ALVIN COMMUNITY COLLEGE,ALVIN,TX,77511,8,1251,7,0,1,1217,1272,4,54,58
3540,AMARILLO COLLEGE,AMARILLO,TX,79109,74,716,6,1,0,717,799,1132,1596,2728
3541,ANGELO STATE UNIVERSITY,SAN ANGELO,TX,76909,15,433,76,12,0,440,557,1132,1596,2728
3543,AUSTIN COLLEGE,SHERMAN,TX,75090,0,0,0,0,0,0,0,1132,1596,2728
3545,BAYLOR UNIVERSITY,WACO,TX,76798,22,458,38,11,6,523,547,974,1677,2651
3546,COASTAL BEND COLLEGE,BEEVILLE,TX,78102,631,7,3,0,0,638,646,2248,2611,4859
3549,BLINN COLLEGE,BRENHAM,TX,77833,619,16,1,0,0,619,638,10,31,41
3553,CISCO JUNIOR COLLEGE,CISCO,TX,76437,271,5,0,2,0,259,279,2531,3146,5677
3554,CLARENDON COLLEGE,CLARENDON,TX,79226,5,284,0,0,0,265,291,2531,3146,5677
3556,COMMONWEALTH INST OF FUNERAL SVC,HOUSTON,TX,77090,55,210,222,19,0,227,546,2412,3676,6088
3557,CONCORDIA UNIVERSITY TEXAS,AUSTIN,TX,78726,348,4,0,0,0,341,353,644,774,1418
3558,NORTH CENTRAL TEXAS COLLEGE,GAINESVILLE,TX,76240,169,4,0,0,0,172,173,276,265,541
3560,DALLAS BAPTIST UNIVERSITY,DALLAS,TX,75211,135,906,169,44,6,1027,1290,1142,1752,2894
3563,DEL MAR COLLEGE,CORPUS CHRISTI,TX,78404,13,153,491,62,0,167,734,7,140,147
3564,EAST TEXAS BAPTIST UNIVERSITY,MARSHALL,TX,75670,190,3,0,0,0,185,193,0,42,42
3565,TEXAS A&M UNIVERSITY - COMMERCE,COMMERCE,TX,75429,202,148,41,25,0,371,430,826,1462,2288
3568,FRANK PHILLIPS COLLEGE,BORGER,TX,79008,24,587,2,1,0,598,616,4,48,52
3570,GRAYSON COUNTY COLLEGE,DENISON,TX,75020,40,194,558,43,0,146,879,108,325,433
3571,HARDIN-SIMMONS UNIVERSITY,ABILENE,TX,79698,345,11,1,0,0,355,358,1015,1886,2901
3572,TRINITY VALLEY COMMUNITY COLLEGE,ATHENS,TX,75751,575,19,1,1,1,586,601,10,90,100
3573,HILL COLLEGE,HILLSBORO,TX,76645,396,5,0,0,0,397,403,11,122,133
3574,HOWARD COUNTY JUNIOR COLLEGE DISTRICT,BIG SPRING,TX,79720,13,866,59,21,5,865,969,347,486,833
3575,HOWARD PAYNE UNIVERSITY,BROWNWOOD,TX,76801,175,824,61,83,6,1129,1178,44,33,77
3576,HOUSTON BAPTIST UNIVERSITY,HOUSTON,TX,77074,176,2,0,0,0,166,179,988,1201,2189
3577,HUSTON - TILLOTSON UNIVERSITY,AUSTIN,TX,78702,31,127,4,0,0,153,162,1063,1978,3041
3578,UNIVERSITY OF THE INCARNATE WORD,SAN ANTONIO,TX,78209,87,732,5,0,2,816,826,20662,22739,43401
3579,JACKSONVILLE COLLEGE,JACKSONVILLE,TX,75766,18,477,12,18,2,523,532,15338,20792,36130
3580,KILGORE COLLEGE,KILGORE,TX,75662,6,176,405,20,5,214,626,639,1625,2264
3581,LAMAR UNIVERSITY-BEAUMONT,BEAUMONT,TX,77710,372,97,6,0,0,476,478,12403,16754,29157
3582,LAREDO COMMUNITY COLLEGE,LAREDO,TX,78040,37,308,63,90,1,457,505,181,113,294
3583,LEE COLLEGE,BAYTOWN,TX,77520,199,1395,103,31,8,1605,1762,365,662,1027
3584,LETOURNEAU UNIVERSITY,LONGVIEW,TX,75607,233,17,0,0,0,242,251,1888,2780,4668
3586,LUBBOCK CHRISTIAN UNIVERSITY,LUBBOCK,TX,79407,432,8,2,0,0,435,443,1024,1483,2507
3588,UNIVERSITY OF MARY HARDIN-BAYLOR,BELTON,TX,76513,10,1612,20,1,5,1563,1650,1466,2733,4199
3590,MCLENNAN COMMUNITY COLLEGE,WACO,TX,76708,400,42,1,0,0,421,446,1466,2733,4199
3591,MCMURRY UNIVERSITY,ABILENE,TX,79697,472,18,2,0,0,489,493,9,288,297
3592,MIDWESTERN STATE UNIVERSITY,WICHITA FALLS,TX,76308,632,8,4,1,0,521,647,3279,5054,8333
3593,NAVARRO COLLEGE,CORSICANA,TX,75110,57,122,8,0,1,184,191,3279,5054,8333
3594,UNIVERSITY OF NORTH TEXAS,DENTON,TX,76203,82,1297,1541,240,7,1740,3248,437,350,787
3596,ODESSA COLLEGE,ODESSA,TX,79764,599,5,4,0,0,505,611,6227,9059,15286
3598,OUR LADY OF THE LAKE UNIVERSITY,SAN ANTONIO,TX,78207,23,1048,115,27,4,1099,1231,1272,977,2249
3599,UNIVERSITY OF TEXAS - RIO GRANDE VALLEY,EDINBURG,TX,78539,9,311,2,3,0,314,325,1310,2479,3789
3600,PANOLA COLLEGE,CARTHAGE,TX,75633,10,821,20,8,4,781,867,1088,2041,3129
3601,PARIS JR COLLEGE,PARIS,TX,75460,460,48,1,0,0,501,509,208,314,522
3602,PAUL QUINN COLLEGE,DALLAS,TX,75241,19,1020,11,1,1,1005,1062,27,135,162
3603,RANGER COLLEGE,RANGER,TX,76470,83,469,52,1,1,577,628,1008,2653,3661
E00555,ANTIOCH UNIV/SEATTLE,SEATTLE,WA,98121,56,765,5,2,1,791,832,331,370,701
E01257,INTERNATIONAL ACADEMY OF DESIGN & TECH,SEATTLE,WA,98188,160,4,0,0,0,159,167,10,216,226
E01311,EVEREST COLLEGE - EVERETT,EVERETT,WA,98208,143,3,1,0,0,147,148,68,52,120
E01312,EVEREST COLLEGE - TACOMA,TACOMA,WA,98402,435,8,4,0,0,429,448,422,1015,1437
E40419,BEAUTY INSTITUTE SCHWARZKOPF PROFESSIONA,BELLINGHAM,WA,98225,255,1,1,0,0,251,259,5851,7937,13788
G31108,BAKKE GRADUATE UNIVERSITY,SEATTLE,WA,98104,28,477,168,5,2,432,686,5851,7937,13788
G32803,SEATTLE INST OF ORIENTAL MEDICINE,SEATTLE,WA,98115,401,6,2,0,0,409,411,5851,7937,13788
G34664,SEATTLE SCHOOL OF THEOLOGY AND PSYCHOLOG,SEATTLE,WA,98121,139,138,52,18,1,318,358,5851,7937,13788
G41305,PACIFIC NORTHWEST UNIV OF HEALTH SCIENCE,YAKIMA,WA,98901,139,1,0,0,0,139,141,5851,7937,13788
G41612,PINCHOT UNIVERSITY,SEATTLE,WA,98104,353,114,1,1,0,375,475,17,43,60
3769,BELLEVUE COLLEGE,BELLEVUE,WA,98007,78,572,24,4,6,498,696,17370,7664,25034
3770,BIG BEND COMMUNITY COLLEGE,MOSES LAKE,WA,98837,12,702,237,11,4,667,971,13012,19046,32058
3771,CENTRAL WASHINGTON UNIVERSITY,ELLENSBURG,WA,98926,120,240,178,21,1,227,592,151,105,256
3772,CENTRALIA COLLEGE,CENTRALIA,WA,98531,732,21,4,1,0,669,771,256,312,568
3773,CLARK COLLEGE,VANCOUVER,WA,98663,22,1114,40,7,5,1103,1193,3229,5371,8600
3774,COLUMBIA BASIN COLLEGE,PASCO,WA,99301,595,4,1,0,0,586,601,2167,0,2167
3775,EASTERN WASHINGTON UNIVERSITY,CHENEY,WA,99004,207,240,3,0,0,431,452,163,289,452
3776,EVERETT COMMUNITY COLLEGE,EVERETT,WA,98201,49,200,127,6,2,212,395,477,678,1155
3777,HERITAGE UNIVERSITY,TOPPENISH,WA,98948,12,395,5,5,0,395,417,35,46,81
3778,GONZAGA UNIVERSITY,SPOKANE,WA,99258,288,517,699,228,6,733,1811,4138,7723,11861
3779,GRAYS HARBOR COLLEGE,ABERDEEN,WA,98520,351,3,2,0,0,353,357,98,147,245
3780,GREEN RIVER COMMUNITY COLLEGE,AUBURN,WA,98092,823,17,1,4,0,814,851,0,2144,2144
3781,HIGHLINE COMMUNITY COLLEGE,DES MOINES,WA,98198,177,510,293,446,10,1238,1462,111,1959,2070
3782,LOWER COLUMBIA COLLEGE,LONGVIEW,WA,98632,14,841,10,3,2,842,876,11525,15300,26825
3783,NORTHWEST UNIVERSITY,KIRKLAND,WA,98083,187,104,24,69,1,364,396,1386,3064,4450
3784,OLYMPIC COLLEGE,BREMERTON,WA,98337,34,985,8,1,2,971,1031,18,278,296
3785,PACIFIC LUTHERAN UNIVERSITY,TACOMA,WA,98447,654,12,1,0,0,659,670,367,1117,1484
3786,PENINSULA COLLEGE,PORT ANGELES,WA,98362,6,129,245,20,3,61,415,156,418,574
3787,SEATTLE CENTRAL COMMUNITY COLLEGE,SEATTLE,WA,98122,38,328,230,238,2,632,864,236,394,630
3788,SEATTLE PACIFIC UNIVERSITY,SEATTLE,WA,98119,272,2,0,0,0,273,275,60,198,258
3790,SEATTLE UNIVERSITY,SEATTLE,WA,98122,359,2354,70,86,11,2665,2888,50,48,98
3791,SHORELINE COMMUNITY COLLEGE,SEATTLE,WA,98133,295,7,0,0,0,279,302,15,305,320
3792,SKAGIT VALLEY COLLEGE,MOUNT VERNON,WA,98273,509,12,2,0,0,519,523,48,16,64
3793,SPOKANE COMMUNITY COLLEGE,SPOKANE,WA,99207,242,289,4,0,3,489,543,1653,4441,6094
3794,ST MARTIN'S UNIVERSITY,LACEY,WA,98503,43,811,55,52,1,941,969,1653,4441,6094
3796,TACOMA COMMUNITY COLLEGE,TACOMA,WA,98466,35,420,5,0,0,447,462,118,121,239
3797,UNIVERSITY OF PUGET SOUND,TACOMA,WA,98416,46,434,13,0,2,483,497,44,423,467
3798,UNIVERSITY OF WASHINGTON,SEATTLE,WA,98195,49,625,8,0,4,665,689,92,936,1028
3799,WALLA WALLA UNIVERSITY,COLLEGE PLACE,WA,99324,350,0,0,0,0,344,351,317,53,370
3800,WASHINGTON STATE UNIVERSITY,PULLMAN,WA,99164,17,560,454,40,1,722,1094,1074,1399,2473
3801,WENATCHEE VALLEY COLLEGE,WENATCHEE,WA,98801,3,577,5,0,1,583,588,667,1054,1721
3802,WESTERN WASHINGTON UNIVERSITY,BELLINGHAM,WA,98225,331,61,1,0,0,365,395,3,86,89
3803,WHITMAN COLLEGE,WALLA WALLA,WA,99362,339,33,1,1,0,364,374,2851,3621,6472
3804,WHITWORTH UNIVERSITY,SPOKANE,WA,99251,266,17,5,0,0,288,293,2543,3818,6361
3805,YAKIMA VALLEY COMMUNITY COLLEGE,YAKIMA,WA,98907,12,786,42,1,0,800,847,3399,5275,8674
5000,PIERCE COLLEGE,LAKEWOOD,WA,98498,288,267,10,0,1,560,570,489,609,1098
5001,EDMONDS COMMUNITY COLLEGE,LYNNWOOD,WA,98036,634,342,329,158,6,902,1546,100,88,188
5006,WALLA WALLA COMMUNITY COLLEGE,WALLA WALLA,WA,99362,435,8,0,0,0,432,446,4400,6689,11089
5372,SOUTH PUGET SOUND COMMUNITY COLLEGE,OLYMPIA,WA,98512,240,5,1,1,0,243,250,13759,13528,27287
5373,LAKE WASHINGTON TECHNICAL COLLEGE,KIRKLAND,WA,98034,482,14,0,1,0,484,498,13759,13528,27287
8155,EVERGREEN STATE COLLEGE (THE),OLYMPIA,WA,98505,513,6,2,0,0,500,523,13759,13528,27287
8443,ITT TECHNICAL INSTITUTE - SEATTLE,SEATTLE,WA,98168,14,421,18,2,1,429,459,13759,13528,27287
9387,PERRY TECHNICAL INSTITUTE,YAKIMA,WA,98903,7,1114,16,2,3,1073,1148,13759,13528,27287
9544,SPOKANE FALLS COMMUNITY COLLEGE,SPOKANE,WA,99224,108,407,6,0,0,503,521,1338,1646,2984
9704,NORTH SEATTLE COMMUNITY COLLEGE,SEATTLE,WA,98103,8,412,34,2,0,380,460,1663,2521,4184
9706,SOUTH SEATTLE COMMUNITY COLLEGE,SEATTLE,WA,98106,472,361,6,2,3,718,849,4487,7391,11878
9739,GLEN DOW ACAD OF HAIR DESIGN,SPOKANE,WA,99201,15,702,157,16,2,677,912,4092,4061,8153
10364,WHATCOM COMMUNITY COLLEGE,BELLINGHAM,WA,98226,301,2,0,0,0,293,304,4092,4061,8153
11481,DIVERS INSTITUTE OF TECHNOLOGY,SEATTLE,WA,98107,311,1,1,0,0,292,315,2,27,29
12259,BATES TECHNICAL COLLEGE,TACOMA,WA,98405,316,15,0,0,0,328,331,1,31,32
12315,CORNISH COLLEGE OF THE ARTS,SEATTLE,WA,98121,251,240,171,37,1,372,723,11525,15300,26825
13022,CITY UNIVERSITY OF SEATTLE,SEATTLE,WA,98121,262,2,0,0,0,226,265,9178,11883,21061
13822,TONI & GUY HAIRDRESSING ACADEMY,SHORELINE,WA,98133,169,69,12,1,0,219,251,652,792,1444
13926,GENE JUAREZ BEAUTY SCHOOLS,MOUNTLAKE TERRACE,WA,98043,465,1,0,0,0,454,466,,,
14001,RENTON TECHNICAL COLLEGE,RENTON,WA,98056,82,517,17,1,7,521,633,719,1441,2160
14396,PAROBA COLLEGE OF COSMETOLOGY,EVERETT,WA,98208,313,1,0,1,1,315,316,580,674,1254
14618,EVERGREEN BEAUTY AND BARBER COLLEGE,BELLEVUE,WA,98007,96,674,15,2,2,718,804,1937,2553,4490
15040,EVEREST COLLEGE - EVERETT WA,EVERETT,WA,98208,409,1,0,0,0,399,410,1242,1759,3001
15562,STYLEMASTERS COLLEGE OF HAIR DESIGN,LONGVIEW,WA,98632,10,626,8,2,3,638,650,231,324,555
15817,PROFESSIONAL BEAUTY SCHOOL,YAKIMA,WA,98902,20,284,67,1,0,230,374,1293,3390,4683
15984,CLOVER PARK TECHNICAL COLLEGE,LAKEWOOD,WA,98499,373,3,0,0,1,376,380,9,288,297
16059,BASTYR UNIVERSITY,KENMORE,WA,98028,360,5,0,0,1,371,383,114,655,769
16210,ART INSTITUTE OF SEATTLE,SEATTLE,WA,98121,166,3,0,0,0,158,172,1653,4441,6094
16227,BELLINGHAM TECHNICAL COLLEGE,BELLINGHAM,WA,98225,10,658,10,0,2,659,681,42,321,363
16856,ACADEMY OF HAIR DESIGN (THE),WENATCHEE,WA,98801,1,1105,14,1,4,1086,1126,22,140,162
17065,BJ'S BEAUTY AND BARBER COLLEGE,TACOMA,WA,98409,19,808,22,10,0,810,863,88,482,570
21800,NORTHWEST INDIAN COLLEGE,BELLINGHAM,WA,98226,231,1,0,0,0,224,233,82,69,151
22229,INTERNATIONAL AIR & HOSPITALITY ACADEMY,VANCOUVER,WA,98661,50,150,134,20,1,154,376,6,51,57
26021,NORTHWEST COLLEGE OF ART & DESIGN,POULSBO,WA,98370,38,461,8,1,2,488,512,3279,5054,8333
30521,SEATTLE VOCATIONAL INSTITUTE,SEATTLE,WA,98144,9,790,64,2,3,644,872,3279,5054,8333
30650,LUCAS MARC ACADEMY,RICHLAND,WA,99352,13,1460,36,13,1,1446,1532,667,1054,1721
30718,ITT TECHNICAL INSTITUTE,SPOKANE VALLEY,WA,99216,18,611,312,35,3,749,989,10090,13581,23671
30990,CORTIVA INSTITUTE - SEATTLE,SEATTLE,WA,98109,119,224,6,1,0,324,356,97,481,578
31395,MONTESSORI SCHOOLS OF WASHINGTON,EVERETT,WA,98203,0,262,2,0,0,256,264,2859,4084,6943
32833,NORTHWEST HVAC/R ASSOCIATION & TRAINING,SPOKANE,WA,99207,156,222,50,298,2,664,737,2859,4084,6943
34835,CASCADIA COMMUNITY COLLEGE,BOTHELL,WA,98011,6,733,19,1,4,716,767,623,561,1184
34904,EMIL FRIES PIANO HOSPITAL & TRAININ,VANCOUVER,WA,98661,70,14,1,576,0,609,669,1717,3706,5423
36894,FAITH EVANGELICAL COLLEGE & SEMINARY,TACOMA,WA,98407,36,1326,84,19,8,1400,1489,1717,3706,5423
37243,DIGIPEN INSTITUTE OF TECHNOLOGY,REDMOND,WA,98052,175,174,91,100,1,212,559,1498,1558,3056
39173,EVERGREEN BEAUTY AND BARBER COLLEGE,EVERETT,WA,98208,187,216,103,148,5,559,683,313,1170,1483
41200,SUNNYSIDE BEAUTY ACADEMY,SUNNYSIDE,WA,98944,12,225,25,12,0,256,276,185,370,555
41272,VICTORIA'S ACADEMY OF COSMETOLOGY,KENNEWICK,WA,99336,58,546,3,0,0,608,608,4165,5931,10096
41308,CASCADE BEAUTY COLLEGE,AUBURN,WA,98002,356,27,1,1,0,388,389,29,187,216
41328,INLAND MASSAGE INSTITUTE,SPOKANE,WA,99218,13,974,156,3,2,970,1152,2,51,53
41494,GARY MANUEL AVEDA INSTITUTE,SEATTLE,WA,98122,17,468,10,0,1,480,498,443,270,713
41550,NORTHWEST SCHOOL OF WOODEN BOAT BUILDING,PORT HADLOCK,WA,98339,195,338,63,70,2,612,688,5,105,110
41701,SUMMIT SALON ACADEMY,TACOMA,WA,98409,155,472,2,1,1,614,632,238,1132,1370
41919,PAUL MITCHELL THE SCHOOL SPOKANE,SPOKANE VALLEY,WA,99037,288,3,0,0,0,269,294,228,14,242
42236,ACADEMY OF INTERACTIVE ENTERTAINMENT,SEATTLE,WA,98109,127,8,0,0,0,126,136,337,2612,2949
42310,STUDIO BEAUTY SCHOOL,SPOKANE,WA,99205,12,476,3,2,2,475,497,24,298,322
42504,FOSBRE ACADEMY OF HAIR DESIGN,OLYMPIA,WA,98501,316,61,2,0,0,369,381,84,168,252
42529,INTERNATIONAL BEAUTY EDUCATION CENTER,AIRWAY HEIGHTS,WA,99001,29,407,9,0,0,434,446,4421,5396,9817
42580,SEATTLE FILM INSTITUTE,SEATTLE,WA,98119,234,42,7,5,1,281,290,111,1959,2070
,,,,,,,,,,,,1343,1725,3068
,,,,,,,,,,,,5934,5786,11720
,,,,,,,,,,,,18699,22875,41574
